<?xml version="1.0" encoding="UTF-8" ?>
<!DOCTYPE configuration
        PUBLIC "-//mybatis.org//DTD Config 3.0//EN"
        "http://mybatis.org/dtd/mybatis-3-config.dtd">
<configuration>
    <settings>
        <!--开启驼峰命名自动映射
            注意放置的位置也是有先后顺序
        -->
        <setting name="mapUnderscoreToCamelCase" value="true"/>
    </settings>

    <environments default="development">
        <environment id="development">
            <transactionManager type="JDBC"/>
            <!--配置连接数据库的连接参数-->
            <dataSource type="POOLED">
                <property name="driver" value="com.mysql.jdbc.Driver"/>
                <property name="url" value="jdbc:mysql://192.168.171.130:3306/mybatis"/>
                <property name="username" value="root"/>
                <property name="password" value="123456"/>
            </dataSource>
        </environment>
    </environments>

    <!--在所有的mapper接口中的sql语句-->
    <mappers>
        <!--通过扫包加载该包下和所有mapper接口和接口中的SQL语句-->
        <package name="com.feima.learning.mapper"/>
    </mappers>


    <!--2 加载Mapper接口和SQL语句，将给的例子注释掉。后面第三大步中配置  不推荐！！ -->
    <!--<mappers>
        <mapper resource="org/mybatis/example/BlogMapper.xml"/>
    </mappers>-->


</configuration>