<?xml version="1.0" encoding="UTF-8" ?>
<!DOCTYPE mapper
        PUBLIC "-//mybatis.org//DTD Mapper 3.0//EN"
        "http://mybatis.org/dtd/mybatis-3-mapper.dtd">
<!--
    mapper标签：表示SQL语句映射关系
    namespace="com.feima.learning.mapper" ：名称空间类似于包名，用于区分每个映射配置文件，和mapper接口的全类名一致。
-->
<mapper namespace="com.feima.learning.mapper.BrandMapper">

    <!--    问题：brand对象的brandName和companyName属性没有值，为null
            原因：brand对象的brandName表的brand_name列名不一致，companyName同样的道理
            解决方式1：采用别名的方式  =====但是不推荐，以后的查询都得这么写，麻烦
            解决方式2：使用ResultMap标签，手动映射查询结果
            解决方法3：在mybatis-config.xmL开启驼峰命名自动映射
    -->

    <!--        方式一：
                    <select id="selectAllBrand" resultType="com.feima.learning.pojo.Brand">
                # select * from mybatis.tb_brand
                # 别名的方式
                select id, brand_name brandName, company_name companyName, ordered, description, status
                from mybatis.tb_brand
            </select>-->

    <!--    方式2
    id="brandMap"：该映射的唯一标识，在select标签中使用
    type="com.feima.learning.pojo.Brand"： 将查询的结果要手动封装的类型

    resultType和resultMap的区别?
        resultType：自动映射，有mybatis按照列名和属性名一一对应的关系封装数据。
        resultMap：手动映射，自已制定那一列的值封装到哪个属性中。
    -->
    <!--    <resultMap id="brandMap" type="com.feima.learning.pojo.Brand">
            &lt;!&ndash;        封装主键的值，如果列表和表的属性名一致，不需要映射&ndash;&gt;
            <id column="id" property="id"/>
            &lt;!&ndash;封装非主键的值，将brand_name自动的值封装给Brand对象的brandName属性&ndash;&gt;
            <result column="brand_name" property="brandName"/>
            <result column="company_name" property="companyName"/>
        </resultMap>

        <select id="selectAllBrand" resultMap="brandMap">
            select *
            from mybatis.tb_brand
        </select>-->

    <select id="selectAllBrand" resultType="com.feima.learning.pojo.Brand">
        select *
        from mybatis.tb_brand
    </select>


    <!--    #{id}：参数占位符，当参数是基本类型或者包装类类型时，参数名称可以任意写，一般写成变量名。
            底层原理是#会被翻译成？占位符。
            ${id}：占位符，底层原理是直接将参数值拼接到SQL中，没有使用？占位符，有漏洞。
            使用场景：#{id}用来设置参数值，${id}用来动态设置字段名，表名
    -->
    <select id="selBrandById" resultType="com.feima.learning.pojo.Brand">
        select *
        from mybatis.tb_brand
        where id = #{id}
    </select>

    <!--    <insert id="addBrand">
            insert into mybatis.tb_brand
            values (null, #{brandName}, #{companyName}, #{ordered}, #{description}, #{status});
        </insert>-->

    <!-- 需求：添加成功之后返回自增的id值
     UseGeneratedKeys="true”：表示需要获取自增的主键id值，如果值是false表示不需要。默认值是false。
     keyProperty="id"：将获取到的主键id值封装到参数对象的id属性中
     -->
    <insert id="addBrand" useGeneratedKeys="true" keyProperty="id">
        insert into mybatis.tb_brand
        values (null, #{brandName}, #{companyName}, #{ordered}, #{description}, #{status})
    </insert>


    <update id="updateBrand">
        update mybatis.tb_brand
        set brand_name=#{brandName},
            company_name=#{companyName},
            ordered=#{ordered},
            description=#{description},
            status=#{status}
        where id = #{id}
    </update>


    <delete id="deleteBrandById">
        delete
        from mybatis.tb_brand
        where id = #{id}
    </delete>


    <select id="queryByCondition1" resultType="com.feima.learning.pojo.Brand">
        select *
        from mybatis.tb_brand
        where status = #{status}
          and company_name like concat('%', #{companyName}, '%')
          and brand_name like concat('%', #{brandName}, '%')
    </select>

    <select id="queryByCondition2" resultType="com.feima.learning.pojo.Brand">
        select *
        from mybatis.tb_brand
        where status = #{status}
          and company_name like concat('%', #{companyName}, '%')
          and brand_name like concat('%', #{brandName}, '%')
    </select>

    <select id="queryByCondition3" resultType="com.feima.learning.pojo.Brand">
        select *
        from mybatis.tb_brand
        where status = #{status}
          and company_name like concat('%', #{companyName}, '%')
          and brand_name like concat('%', #{brandName}, '%')
    </select>
    <!--
    多条件查询 == 动态sql
    where标签：相当于where关键字，当所有条件都不存在的请情况下，。mybatis会自动去掉where关键字当第一个条件
    不存在时，mybatis会自动去掉条件连接符and/or
    -->
    <select id="queryByCondition4" resultType="com.feima.learning.pojo.Brand">
        select *
        from mybatis.tb_brand
        <where>
            <if test="status != null">
                status = #{status}
            </if>
            <if test="companyName!=null and companyName!=''">
                and company_name like concat('%', #{companyName}, '%')
            </if>
            <if test="brandName != null and brandName!=''">
                and brand_name like concat('%', #{brandName}, '%')
            </if>
        </where>
    </select>

    <!--choose（when，otherwise）：选择，类似于Java 中的 switch 语句-->
    <select id="queryByCondition5" resultType="com.feima.learning.pojo.Brand">
        select *
        from mybatis.tb_brand where
        <choose>
            <when test="status != null">
                status = #{status}
            </when>

            <when test="companyName!=null and companyName!=''">
                and company_name like concat('%', #{companyName}, '%')
            </when>
            <when test="brandName!=null and brandName!=''">
                and brand_name like concat('%', #{brandName}, '%')
            </when>
            <otherwise>
                1=1
            </otherwise>
        </choose>
    </select>

    <!--部分修改-->
    <update id="updatePartCondition">
        update mybatis.tb_brand
        <set>
            <if test="brandName!=null and brandName!=''">
                brand_name = #{brandName},
            </if>
            <if test="companyName!=null and companyName!=''">
                company_name = #{companyName},
            </if>
            <if test="ordered!=null">
                ordered = #{ordered},
            </if>
            <if test="description!=null and description!=''">
                description = #{description},
            </if>
            <if test="status!=null">
                status = #{status}
            </if>
        </set>
        /* 注意这里要在set标签后面，否则无法去除“,” */
        where id=#{id}
    </update>

    <!-- 批量删除
    for(int id:ids){}

    foreach标签：遍历
    collection="ids"：要遍历的集合或者数组的名称
    item="id"：表示每次遍历出来的元素
    open="（"：拼接SQL的开始部分
    separator="，"：每个值的分隔符
    cLose="）"：拼接SQL结束部分
     -->
    <delete id="deleteBatch">

        delete
        from mybatis.tb_brand
        where id in
        <foreach collection="ids" item="id" open="(" close=")" separator="," >
            #{id}
        </foreach>
    </delete>
</mapper>