<?xml version="1.0" encoding="UTF-8" ?>
<!DOCTYPE mapper
        PUBLIC "-//mybatis.org//DTD Mapper 3.0//EN"
        "http://mybatis.org/dtd/mybatis-3-mapper.dtd">
<!--
    mapper标签：表示SQL语句映射关系
    namespace="com.feima.learning.mapper" ：名称空间类似于包名，用于区分每个映射配置文件，和mapper接口的全类名一致。
-->
<mapper namespace="com.feima.learning.mapper.UserMapper">
    <!--查询所有用户信息
        id="selectAll" :SQL的唯一标识，需要和mapper接口中的方法名一样
        resultType="com.feima.learning.pojo.User" ：查询的每一行数据要封装的对象类型-->
    <select id="selectAll" resultType="com.feima.learning.pojo.User">
        select * from tb_user;
    </select>

    <select id="selectById" resultType="com.feima.learning.pojo.User">
        select * from tb_user where id=#{id}
    </select>

<!-- parameterType：方法参数类型，可以不写   -->
    <insert id="addUser" parameterType="com.feima.learning.pojo.User">
        INSERT INTO tb_user values(id, #{username}, #{password}, #{gender}, #{addr})
    </insert>
    
    <update id="updateUser" parameterType="com.feima.learning.pojo.User">
        update tb_user set username=#{username}, password=#{password}, gender=#{gender}, addr=#{addr} where id=#{id}
    </update>
    
    <delete id="deleteById" parameterType="int">
        delete from tb_user where id=#{id}
    </delete>
</mapper>